pokeCatch&F√©licitations {user}, tu as attrap√© {pokeName}.
pokeRarity&C'est un pok√©mon **{rarity}**.
pokeAlready&Tu as d√©j√† attrap√© ce Pok√©mon.üòï
pokeExtraRolls&Pok√©balls +{number}.
rollsHours&{user}, ta prochaine Pok√©ball sera disponible dans {hours} heure {minutes} minutes.\nPok√©balls: `{number}`.
rollsMinutes&{user}, ta prochaine Pok√©ball sera disponible dans {minutes} minutes.\nPok√©balls: `{number}`.
pokeNewForm&Tu as d√©j√† attrap√© ce Pok√©mon, mais c'est une nouvelle forme‚ÄØ!üÜï
common&Commun
uncommon&Peu commun
rare&Rare
superRare&Super Rare
legendary&L√©gendaire
missingPerms&Je suis d√©sol√©e mais vous ne remplissez pas les conditions pour ex√©cuter cette commande : `{commandName}`.\nCette commande n√©cessite la permission suivante : `{permission}`.
lackPerms&Je suis d√©sol√©e mais la personne cibl√©e a autant ou plus de permissions que vous. Vous ne pouvez pas la cibler avec cette commande : `{commandName}`.
normal&Normal
male&M√¢le
female&Femelle
chooseEvolution&Choisis une √©volution
description&Description
evolution&√âvolution
evolvedBy&A √©volu√© en
userPokedex&Pok√©dex de {user}
shinies&Chromatiques‚ú® :
shinyPoke&Pok√©mons chromatiques
noPoke&Aucun Pok√©mon.
newPrefix&Mon pr√©fixe sur ce serveur est maintenant `{prefix}` :)
banReason&Vous avez √©t√© banni‚ãÖe de **{guild}**.\nRaison : `{reason}`.
banNoReason&Vous avez √©t√© banni‚ãÖe de **{guild}**.\nAucune raison n'a √©t√© donn√©e.
userBanned&Utilisateur banni.
welcomeDisabled&Les messages de bienvenue et de d√©part sont d√©sactiv√©s, utilisez `/welcome channel : ...` pour les r√©tablir.
welcomeChannel&Les messages de bienvenue seront maintenant envoy√©s dans <#{channel}>.
kannaMissPerms&Je n'ai pas assez de permissions pour faire cela !
kannaError&Une erreur est survenue, elle sera signal√©e au programmeur.
hugLonely&{user}, on dirait que tu te sens seul‚ãÖe, prends mon c√¢lin! ‚ù§Ô∏è
hugUser&{user}, {otherUser} t'a fait un c√¢lin ! ‚ù§Ô∏è
userStand&{user}, tu es le porteur du stand **{standName}**.
pruneUser&{number} messages de `{user}` ont √©t√© supprim√©s de `{guild}`.
clearMessages&{number} messages ont √©t√© supprim√©s :D
clearMore&Vous ne pouvez pas effacer plus de 50 messages en m√™me temps.
kickNoReason&Vous avez √©t√© expuls√©‚ãÖe de **{guild}**.\nAucune raison n'a √©t√© donn√©e.
kickReason&Vous avez √©t√© expuls√©‚ãÖe de **{guild}**.\nMotif :`{reason}`.
userKicked&Utilisateur expuls√©.
isShiny&Attends, il est chromatique ?!? ‚ú®
pokeinfoNotFound&Introuvable :(
pokeinfoNoSuch&Ce Pok√©mon n'existe pas.
pokeinfoInput&J'ai besoin de l'ID du Pok√©mon ou de son nom.
commandBot&Cette commande n'est pas prise en charge pour les bots.
rollsAvailable&{user}, tu peux lancer une Pok√©ball.\nPok√©balls:`{number}`.
diceRoll&Tu as lanc√© un d√© entre 1 et {maxNumber}, tu es tomb√©¬∑e sur un **{randomNumber}**‚ÄØ!
servericon&Ce serveur ne poss√®de pas d'ic√¥ne.
usericon&Cet utilisateur n'a pas de photo de profil.
noAccess&D√©sol√©e, je n'ai pas acc√®s √† ce salon.
newLanguage&√Ä partir de maintenant, je parlerai fran√ßais !
userShiny&Pok√©mons chromatiques de {user}
page&page {current}/{total}
welcome&<@{memberID}> a rejoint le serveur! Yayy!!
supportServer&Une question sur KannaSucre? Besoin d'aiide avec une commande? Voir les derni√®res mises √† jour?\nVous pouvez rejoindre le serveur communautaire de KannaSucre avec ce lien :\n
channelGuild&Ce salon n'est pas sur ce serveur!
announceAuthor&*Message envoy√© par {user} :*\n
announceLink&Envoy√©!\nCliquez ici pour voir le message :
goodbye&{memberName} a quitt√© le serveur :(
prefixNoSpace&Il ne peut pas y avoir d'espace dans le prefix!
togglelevelsEnabled&La fonctionnalit√© de niveaux est activ√©e!
togglelevelsDisabled&La fonctionnalit√© de niveaux est d√©activ√©e.
levelUp&F√©licitations {user}, tu es pass√© niveau {number}!
buttonEvolve&√âvoluer
buttonDevolve&D√©s-√©voluer
buttonShiny&Chromatique
buttonOpen&Ouvrir
buttonShinies&Chromatiques
buttonClose&Refermer
pokerank&Pok√©classement de KannaSucre :
pokerankRanking&Classemment :
pokeForm&Forme {form}
welcomeRole&Le r√¥le `@{role}` sera donn√© aux nouveaux arrivants!
welcomeNoRole&Aucun r√¥le ne sera donn√© aux nouveaux arrivants.
errorWelcomeRole&__Message venant de **{guild}** :__\n\nJe n'ai pas assez de permissions pour donner aux nouveaux arrivants leur r√¥le de bienvenue.\nSi vous voulez d√©sactiver cette fonctionnalit√©, utilisez `/welcome` sans arguments sur **{guild}**.\nSi vous voulez que la fonctionnalit√© marche, v√©rifiez que mon r√¥le poss√®de la permission `G√©rer les r√¥les`, et que mon r√¥le est plus haut que le r√¥le de bienvenue.
clearShort&Supprime des messages
clearDesc&Supprime un nombre de message donn√© (maximum 50).
kickShort&Expulse un membre
kickDesc&Expulse un membre donn√©, une raison peut √™tre sp√©cifi√©e.
banShort&Bannit un membre
banDesc&Bannit un membre donn√©, une raison peut √™tre sp√©cifi√©e.
prefixShort&Change le pr√©fixe du bot
prefixDesc&Change le pr√©fix du bot pour ce serveur uniquement. Tout type de pr√©fixe peut √™tre utilis√© (m√™me avec plusieurs caract√®res).
hugShort&C√¢line quelqu'un!
hugDesc&C√¢line quelqu'un, c'est tout!
welcomeShort&D√©finit le salon/r√¥le de bienvenue.
welcomeDesc&D√©finit le salon o√π les arriv√©es et d√©parts seront envoy√©s, et le r√¥le √† donner aux nouveaux arrivants.
diceShort&Lance un d√©
diceDesc&Lance un d√© entre 1 et un nombre donn√©.
servericonShort&Affiche l'ic√¥ne du serveur
servericonDesc&Affiche l'ic√¥ne du serveur en haute r√©solution.
pokeShort&Attrape un Pok√©mon!
pokeDesc&Attrape un Pok√©mon pour ton Pok√©dex, tous les Pok√©mons jusqu'√† Legendes Pok√©mon : Arceus sont disponibles!
pokedexShort&Affiche ton Pok√©dex
pokedexDesc&Montre ton Pok√©dex, avec tous les Pok√©mons que tu as attrap√©.
helpShort&Affiche ce message
helpDesc&Affiche soit toutes les commandes disponibles, ou les d√©tails d'une commande sp√©cifique.
levelShort&Affiche ton niveau et ton XP
levelDesc&Affiche ton niveau et ton XP, c'est tout.
pokerankShort&Affiche les meilleurs dresseurs Pok√©mons de KannaSucre!
pokerankDesc&Affiche le top 10 des meilleurs dresseurs Pok√©mon du bot!
standShort&Affiche votre stand respectif
standDesc&Affiche ton stand de JJBA, ton stand est li√© √† toi et tu ne peux en changer.
usericonShort&Affiche l'ic√¥ne d'un utilisateur
usericonDesc&Affiche l'ic√¥ne d'un utilisateur donn√©.
pruneShort&Supprime les messages d'un utilisateur
pruneDesc&Supprime tous les messages d'un utilisateur donn√© parmi les 200 derniers message de chaque salon.
rollsShort&Affiche vos d√©tails pour la commande poke.
rollsDesc&Affiche ton nombre de Pok√©rolls, et quand sera ton prochain Pok√©roll gratuit.
pokeinfoShort&Affiche les infos d'un Pok√©mon
pokeinfoDesc&Affiche certaines infos sur un Pok√©mon donn√©. Vous pouvez utiliser la commande avec le num√©ro de Pok√©dex, ou le nom du Pok√©mon!
announceShort&Envoie un message personnalis√© dans un salon
announceDesc&Envoie un message personnalis√© dans un salon donn√©, votre nom d'utilisateur sera cit√©.
languageShort&Change la langue du bot!
languageDesc&Change la langue dans laquelle le bot enverra ses messages, pour le moment, uniquement Anglais et Fran√ßais sont disponibles.
supportserverShort&Envoie un lien d'invitation au serveur de KannaSucre!
supportserverDesc&Envoie un lien pour rejoindre le serveur de KannaSucre, pour obtenir de l'aide ou donner des suggestions.
togglelevelsShort&Active ou d√©sactive les niveaux
togglelevelsDesc&Active ou d√©sactive la fonctionnalit√© de niveaux. Cette derni√®re est d√©sactiv√©e par d√©faut.
helpTitle&Guide de KannaSucre, commande {command} :
helpCatAdmin&__Commandes administrateur :__
helpCatMod&__Commandes de mod√©ration :__
helpCatUtil&__Commandes utilitaires :__
helpCatMisc&__Commandes diverses :__
helpBigTitle&Guide de KannaSucre :
helpUserPerms&Permissions utilisateur :
helpKannaPerms&Permissions de Kanna :
helpNo&non
helpYes&oui
helpMorePerms&Est-ce que le bot a besoin de plus de permissions que la cible de la commande?
helpExample&Example :
helpNoCommand&Aucune commande appell√©e `{name}` trouv√©e.
giveawayDesc&Cr√©e un nouveau giveaway dans un salon d√©fini sur une p√©riode d√©finie !
giveawayShort&Cr√©e un nouveau giveaway !
giveawayCreated&Vous avez cr√©√© un giveaway !
giveawayNoDuration&Veuillez renseigner la dur√©e.
giveawayStarted&Un nouveau giveaway a commenc√© !
giveawayDuration&Dur√©e :
giveawayDays&{days} jours
giveawayHours&{hours} heures
giveawayMinutes&{minutes} minutes
giveawayEnds&Finit le :
giveawayNone&Aucun
giveawayPrize&Prix :
giveawayRegister&Participer !
giveawayAlreadyRegistered&Tu participes d√©j√† √† ce giveaway !
giveawayRegistered&Ton inscription √† ce giveaway a bien √©t√© prise en compte !
giveawayMissRole&Je suis d√©sol√©e, tu n'as pas le r√¥le requis pour participer √† ce giveaway.
giveawayEnded&Ce giveaway n'existe pas, il est probablement d√©j√† termin√© !
giveawayRole&R√¥le requis :
giveawayLost&Ce giveaway est termin√©, mais personne n'a particip√© :/
giveawayWon&Ce giveaway est termin√© ! **{number}** personnes ont particip√© ! \nF√©licitations √† <@{userId}> qui a remport√© `{prize}` !
pokeinfoSugimori&Attention ! Tu as activ√© les sprites au style Sugimori. Ces sprites sont plus beaux, mais beaucoup de formes alternatives sont manquantes. √áa signifie que tu ne verras pas la diff√©rence entre les formes des Pok√©mons, mais tu attraperas tout de m√™me diff√©rentes formes.
pokeinfoHome&Tu as r√©activ√© les sprites HOME.
giveawayPrefix&Je suis d√©sol√©e, la commande giveaway repose sur trop de param√®tres pour √™tre utilis√©e sous forme d'une commande √† pr√©fixe, essayez plut√¥t `/giveaway` !
clearDelete&Je supprime!
